{"R": 125.07169319763183, "G": 116.0284947593689, "B": 106.19282102050781}